waktu,arah,koridor,target_kecepatan,jarak,target_waktu_tempuh,pencapaian_kecepatan_per_koridor,pencapaian_kecepatan,pencapaian_waktu_tempuh
pagi,Selatan - Pusat,Lenteng Agung - Ps. Minggu - Supomo - dr. Saharjo - Sultan Agung - Cik Ditiro - Menteng Raya - Tugu Tani,22,19.62,53.51,22.73,25.81,61.14
pagi,Selatan - Pusat,Cilandak KKO - Warung Buncit - Mampang Prapatan - Rasuna Said - HOS Cokroaminoto,22,13.36,36.44,24.61,25.81,35
pagi,Selatan - Pusat,Pangeran Antasari - Prapanca - Iskandarsyah - Pattimura - Jend. Sudirman - MH. Thamrin,22,11.13,30.35,31.36,25.81,23.63
pagi,Selatan - Pusat,Pondok Labu - Fatmawati - Panglima Polim - Sisingamangaraja - Jend.  Sudirman - Thamrin,22,16.25,44.32,26.75,25.81,40.32
pagi,Selatan - Pusat,Pasar Jumat - Metro Pondok Indah - Iskandar Muda - Teuku Nyak Arief - Tentara Pelajar - Pejompongan - Penjernihan 1 - Mas Mansyur (Tanah Abang),22,15.87,43.28,30.76,25.81,33.58
pagi,Selatan - Pusat,Ciledug Raya - Keb Lama - Pakubuwono 6 - Hang Leukir - Asia Afrika - Pintu 1  Senayan - Jend. Sudirman,22,12.25,33.41,19.74,25.81,38.61
pagi,Selatan - Pusat,Raya Ciputat - Tanah Kusir - Bungur - Iskandar Muda - Tentara Pelajar - Pejompongan - Penjernihan 1 - Mas Mansyur (Tanah Abang),22,13.4,36.55,24.73,25.81,33.72
pagi,Timur - Pusat,Raya Bekasi - Perintis Kemerdekaan - Letjend. Suprapto - Kwitang - Ridwan Rais,22,17.08,46.58,24.74,24.13,54.58
pagi,Timur - Pusat,Raya Bekasi - Pemuda - Pramuka - Proklamasi - Diponegoro - Imam Bonjol - Thamrin,22,21.21,57.85,22.41,24.13,68.28
pagi,Timur - Pusat,I Gusti Ngurah Rai - Jatinegara Barat - Matraman - Salemba,22,9.39,25.61,24.6,24.13,26.17
pagi,Timur - Pusat,Kalimalang - Basuki Rahmat - Kampung Melayu - Casablanka - Satrio - Mas Mansyur,22,14.87,40.55,21.1,24.13,47.19
pagi,Timur - Pusat,Pondok Kopi - Sukamto - Kolonel Sugiono - Basuki Rahmat - Kampung Melayu - Casablanka - Satrio - Mas Mansyur,22,18.91,51.57,27.82,24.13,54.46
pagi,Utara - Pusat,Pluit - Pluit Timur - Jembatan Tiga - Jembatan Dua - Latumenten - Kyai Tapa - Hasyim Ashari - Gajah Mada,22,12.89,35.15,26.11,24.65,29.43
pagi,Utara - Pusat,Priok - RE. Martadinata - Gunung Sahari - dr. Sutomo - Lapangan Banteng Utara - Veteran,22,12.73,34.72,24.36,24.65,31.11
pagi,Utara - Pusat,Priok - RE. Martadinata - Sunter Barat - Kemayoran (Benyamin Suaeb) - Angakasa - Dr. Sutomo,22,11.39,31.06,27.6,24.65,24.74
pagi,Utara - Pusat,Priok - Yos Sudarso - Letjend. Suprapto - Senen Raya - Kwitang - Abdul Rahman Hakim,22,14.45,39.41,20.67,24.65,41.51
pagi,Utara - Pusat,Marunda - Cilincing Raya - Kramat Jaya - Pegangsaan Dua - Kelapa Nias - Bollevard Raya Kelapa Gading - Bollevard Barat - Yos Sudarso - Letjend. Suprapto,22,20.11,54.85,24.49,24.65,48.99
pagi,Barat - Pusat,Kalideres - Daan Mogot - Kyai Tapa - Hasyim Ashari - Hayam Wuruk,22,13.71,37.39,27.97,29.37,37.81
pagi,Barat - Pusat,Kalideres - Daan Mogot - S. Parman - Tomang Raya - Balikpapan - Harmoni,22,14.85,40.5,29.11,29.37,40.57
pagi,Barat - Pusat,Joglo - Pos Pengumben - Panjang - Arjuna Selatan - Kemanggisan - Katamso - Jatibaru - Kebon Sirih,22,14.67,40.01,30.57,29.37,37.75
pagi,Barat - Pusat,Kedoya - Puri kembangan - Pesanggrahan - Meruya - Panjang - Kemanggisan - Katamso - Jatibaru - Kebon Sirih,22,14.56,39.71,29.81,29.37,34.35
pagi,Pusat - Selatan,Tugu Tani - Menteng Raya - Sultan Agung - Dr. Saharjo - Prof. Dr. Supomo - Pasar Minggu Raya - Lenteng Agung,22,20.62,56.23,24.64,28.65,47.06
pagi,Pusat - Selatan,HOS Cokroaminoto - Rasuna Said - Mampang Prapatan - Warung Buncit - Cilandak KKO,22,13.42,36.6,28.57,28.65,31.53
pagi,Pusat - Selatan,MH. Thamrin - Jend. Sudirman - Pattimura - Iskandarsyah - Prapanca - Pangeran Antasari,22,10.93,29.81,34.41,28.65,33.11
pagi,Pusat - Selatan,MH. Thamrin - Jend. Sudirman - Sisingamangaraja - Panglima Polim - Fatmawati - Pondok Labu,22,17.05,46.5,22.41,28.65,61.17
pagi,Pusat - Selatan,Mas Mansyur (Tanah Abang) - Penjernihan 1 - Pejompongan - Tentara Pelajar - Teuku Nyak Arief - Iskandar Muda - Metro Pondok Indah - Pasar Jum'at,22,15.75,42.95,36.46,28.65,28.33
pagi,Pusat - Selatan,Jend. Sudirman - Hang Tuah - Pakubuwono 6 - Kebayoran Lama - Ciledug Raya,22,13.2,36,25.44,28.65,32.47
pagi,Pusat - Timur,Ridwan Rais - Prajurit KKO Usman & Harun - Letjend. Suprapto - Perintis Kemerdekaan - Raya Bekasi,22,16.32,44.51,28.44,34.87,37.57
pagi,Pusat - Timur,MH. Thamrin - Imam Bonjol - Diponegoro - Salemba Raya - Pramuka - Pemuda - Raya Bekasi,22,18.79,51.25,33.71,34.87,43.76
pagi,Pusat - Timur,Salemba Raya - Matraman Raya - Jatinegara Timur - Bekasi Barat Raya - Bekasi Timur Raya - I Gusti Ngurah Rai,22,8.45,23.05,39.4,34.87,13.97
pagi,Pusat - Timur,Mas Mansyur - Satrio - Casablanca - Kampung Melayu - Basuki Rahmat - Kalimalang,22,14.92,40.69,32.3,34.87,28.97
pagi,Pusat - Timur,Mas Mansyur - Satrio - Casablanca - Kampung Melayu - Basuki Rahmat - Kolonel Sugiono - Sukamto - Pondok Kopi,22,18.31,49.94,40.49,34.87,33
pagi,Pusat - Utara,Gajah Mada - Hasyim Ashari - Kyai Tapa - Latumenten - Jembatan Dua - Jembatan Tiga - Pluit Timur - Pluit,22,14.38,39.22,29.62,32.69,28.94
pagi,Pusat - Utara,Ir. H. Juanda - dr. Sutomo - Gunung Sahari - RE. Martadinata - Priok,22,12.86,35.07,37.15,32.69,20.74
pagi,Pusat - Utara,dr. Sutomo - Angkasa - Kemayoran - Sunter Barat -  RE. Martadinata - Priok,22,11.38,31.04,38,32.69,17.99
pagi,Pusat - Utara,Ridwan Rais - Prajurit KKO Usman dan Harun - Letjend. Suprapto - Yos Sudarso - Priok,22,13.13,35.81,32.49,32.69,24.25
pagi,Pusat - Utara,Letjend. Suprapto - Yos Sudarso - Bollevard Barat Kelapa Gading - Bollevard Raya Kelapa Gading - Kelapa Nias - Pegangsaan Dua - Kramat Jaya Raya - Cilincing Raya - Marunda,22,20.29,55.34,26.2,32.69,46.32
pagi,Pusat - Barat,Hayam Wuruk - Hasyim Ashari - Kyai Tapa - Daan Mogot - Kalideres,22,14.47,39.46,33.19,30.2,29.5
pagi,Pusat - Barat,Hayam Wuruk - Balikpapan - Tomang Raya - S. Parman - Daan Mogot - Kalideres,22,15.55,42.41,26.23,30.2,39.25
pagi,Pusat - Barat,Kebon Sirih - Jatibaru - Katamso - Kemanggisan - Arjuna Selatan - Panjang - Pos Pengumben - Joglo,22,17.43,47.54,32.03,30.2,42.6
pagi,Pusat - Barat,Kebon Sirih - Jatibaru - Katamso - Kemanggisan - Panjang - Meruya - Pesanggrahan - Puri Kembangan - Kedoya,22,16.23,44.26,29.35,30.2,42.63
sore,Selatan - Pusat,Lenteng Agung - Ps. Minggu - Supomo - dr. Saharjo - Sultan Agung - Cik Ditiro - Menteng Raya - Tugu Tani,22,19.62,53.51,25.95,27.11,46.63
sore,Selatan - Pusat,Cilandak KKO - Warung Buncit - Mampang Prapatan - Rasuna Said - HOS Cokroaminoto,22,13.36,36.44,25.75,27.11,33.33
sore,Selatan - Pusat,Pangeran Antasari - Prapanca - Iskandarsyah - Pattimura - Jend. Sudirman - MH. Thamrin,22,11.13,30.35,30.51,27.11,24.78
sore,Selatan - Pusat,Pondok Labu - Fatmawati - Panglima Polim - Sisingamangaraja - Jend.  Sudirman - Thamrin,22,16.25,44.32,25.37,27.11,41.76
sore,Selatan - Pusat,Pasar Jumat - Metro Pondok Indah - Iskandar Muda - Teuku Nyak Arief - Tentara Pelajar - Pejompongan - Penjernihan 1 - Mas Mansyur (Tanah Abang),22,15.87,43.28,31.38,27.11,30.83
sore,Selatan - Pusat,Ciledug Raya - Keb Lama - Pakubuwono 6 - Hang Leukir - Asia Afrika - Pintu 1  Senayan - Jend. Sudirman,22,12.25,33.41,23.97,27.11,31.35
sore,Selatan - Pusat,Raya Ciputat - Tanah Kusir - Bungur - Iskandar Muda - Tentara Pelajar - Pejompongan - Penjernihan 1 - Mas Mansyur (Tanah Abang),22,13.4,36.55,26.86,27.11,30.83
sore,Timur - Pusat,Raya Bekasi - Perintis Kemerdekaan - Letjend. Suprapto - Kwitang - Ridwan Rais,22,17.08,46.58,27.73,27.97,49.26
sore,Timur - Pusat,Raya Bekasi - Pemuda - Pramuka - Proklamasi - Diponegoro - Imam Bonjol - Thamrin,22,21.21,57.85,27.1,27.97,57.49
sore,Timur - Pusat,I Gusti Ngurah Rai - Jatinegara Barat - Matraman - Salemba,22,9.39,25.61,27.36,27.97,24.17
sore,Timur - Pusat,Kalimalang - Basuki Rahmat - Kampung Melayu - Casablanka - Satrio - Mas Mansyur,22,14.87,40.55,28.41,27.97,32.13
sore,Timur - Pusat,Pondok Kopi - Sukamto - Kolonel Sugiono - Basuki Rahmat - Kampung Melayu - Casablanka - Satrio - Mas Mansyur,22,18.91,51.57,29.26,27.97,43.25
sore,Utara - Pusat,Pluit - Pluit Timur - Jembatan Tiga - Jembatan Dua - Latumenten - Kyai Tapa - Hasyim Ashari - Gajah Mada,22,12.89,35.15,21.16,22.62,37.04
sore,Utara - Pusat,Priok - RE. Martadinata - Gunung Sahari - dr. Sutomo - Lapangan Banteng Utara - Veteran,22,12.73,34.72,22.91,22.62,33.64
sore,Utara - Pusat,Priok - RE. Martadinata - Sunter Barat - Kemayoran (Benyamin Suaeb) - Angakasa - Dr. Sutomo,22,11.39,31.06,24.5,22.62,28.1
sore,Utara - Pusat,Priok - Yos Sudarso - Letjend. Suprapto - Senen Raya - Kwitang - Abdul Rahman Hakim,22,14.45,39.41,21.25,22.62,41.07
sore,Utara - Pusat,Marunda - Cilincing Raya - Kramat Jaya - Pegangsaan Dua - Kelapa Nias - Bollevard Raya Kelapa Gading - Bollevard Barat - Yos Sudarso - Letjend. Suprapto,22,20.11,54.85,23.26,22.62,51.97
sore,Barat - Pusat,Kalideres - Daan Mogot - Kyai Tapa - Hasyim Ashari - Hayam Wuruk,22,13.71,37.39,26.8,28.14,34.33
sore,Barat - Pusat,Kalideres - Daan Mogot - S. Parman - Tomang Raya - Balikpapan - Harmoni,22,14.85,40.5,26.27,28.14,39.78
sore,Barat - Pusat,Joglo - Pos Pengumben - Panjang - Arjuna Selatan - Kemanggisan - Katamso - Jatibaru - Kebon Sirih,22,14.67,40.01,29.44,28.14,35.29
sore,Barat - Pusat,Kedoya - Puri kembangan - Pesanggrahan - Meruya - Panjang - Kemanggisan - Katamso - Jatibaru - Kebon Sirih,22,14.56,39.71,30.06,28.14,34.28
sore,Pusat - Selatan,Tugu Tani - Menteng Raya - Sultan Agung - Dr. Saharjo - Prof. Dr. Supomo - Pasar Minggu Raya - Lenteng Agung,22,20.62,56.23,21.41,24.71,63
sore,Pusat - Selatan,HOS Cokroaminoto - Rasuna Said - Mampang Prapatan - Warung Buncit - Cilandak KKO,22,13.42,36.6,25.44,24.71,36.11
sore,Pusat - Selatan,MH. Thamrin - Jend. Sudirman - Pattimura - Iskandarsyah - Prapanca - Pangeran Antasari,22,10.93,29.81,38.02,24.71,25.53
sore,Pusat - Selatan,MH. Thamrin - Jend. Sudirman - Sisingamangaraja - Panglima Polim - Fatmawati - Pondok Labu,22,17.05,46.5,21.61,24.71,54.75
sore,Pusat - Selatan,Mas Mansyur (Tanah Abang) - Penjernihan 1 - Pejompongan - Tentara Pelajar - Teuku Nyak Arief - Iskandar Muda - Metro Pondok Indah - Pasar Jum'at,22,15.75,42.95,24.37,24.71,43.88
sore,Pusat - Selatan,Jend. Sudirman - Hang Tuah - Pakubuwono 6 - Kebayoran Lama - Ciledug Raya,22,13.2,36,17.38,24.71,46.51
sore,Pusat - Timur,Ridwan Rais - Prajurit KKO Usman & Harun - Letjend. Suprapto - Perintis Kemerdekaan - Raya Bekasi,22,16.32,44.51,21.2,21.17,50.26
sore,Pusat - Timur,MH. Thamrin - Imam Bonjol - Diponegoro - Salemba Raya - Pramuka - Pemuda - Raya Bekasi,22,18.79,51.25,21.24,21.17,59.24
sore,Pusat - Timur,Salemba Raya - Matraman Raya - Jatinegara Timur - Bekasi Barat Raya - Bekasi Timur Raya - I Gusti Ngurah Rai,22,8.45,23.05,24.96,21.17,22.89
sore,Pusat - Timur,Mas Mansyur - Satrio - Casablanca - Kampung Melayu - Basuki Rahmat - Kalimalang,22,14.92,40.69,16.18,21.17,57.39
sore,Pusat - Timur,Mas Mansyur - Satrio - Casablanca - Kampung Melayu - Basuki Rahmat - Kolonel Sugiono - Sukamto - Pondok Kopi,22,18.31,49.94,22.27,21.17,59.4
sore,Pusat - Utara,Gajah Mada - Hasyim Ashari - Kyai Tapa - Latumenten - Jembatan Dua - Jembatan Tiga - Pluit Timur - Pluit,22,14.38,39.22,16.99,23.27,51.81
sore,Pusat - Utara,Ir. H. Juanda - dr. Sutomo - Gunung Sahari - RE. Martadinata - Priok,22,12.86,35.07,26.44,23.27,29.65
sore,Pusat - Utara,dr. Sutomo - Angkasa - Kemayoran - Sunter Barat -  RE. Martadinata - Priok,22,11.38,31.04,27.49,23.27,25.15
sore,Pusat - Utara,Ridwan Rais - Prajurit KKO Usman dan Harun - Letjend. Suprapto - Yos Sudarso - Priok,22,13.13,35.81,25.14,23.27,31.61
sore,Pusat - Utara,Letjend. Suprapto - Yos Sudarso - Bollevard Barat Kelapa Gading - Bollevard Raya Kelapa Gading - Kelapa Nias - Pegangsaan Dua - Kramat Jaya Raya - Cilincing Raya - Marunda,22,20.29,55.34,20.29,23.27,60.57
sore,Pusat - Barat,Hayam Wuruk - Hasyim Ashari - Kyai Tapa - Daan Mogot - Kalideres,22,14.47,39.46,21.28,20.7,47
sore,Pusat - Barat,Hayam Wuruk - Balikpapan - Tomang Raya - S. Parman - Daan Mogot - Kalideres,22,15.55,42.41,17.94,20.7,58.43
sore,Pusat - Barat,Kebon Sirih - Jatibaru - Katamso - Kemanggisan - Arjuna Selatan - Panjang - Pos Pengumben - Joglo,22,17.43,47.54,22.49,20.7,57.01
sore,Pusat - Barat,Kebon Sirih - Jatibaru - Katamso - Kemanggisan - Panjang - Meruya - Pesanggrahan - Puri Kembangan - Kedoya,22,16.23,44.26,21.09,20.7,55.61
