waktu,arah,koridor,target_kecepatan,jarak,target_waktu_tempuh,pencapaian_kecepatan_per_koridor,pencapaian_kecepatan,pencapaian_waktu_tempuh
pagi,Selatan - Pusat,Lenteng Agung - Ps. Minggu - Supomo - dr. Saharjo - Sultan Agung - Cik Ditiro - Menteng Raya - Tugu Tani,19.00,19.62,61.96,21.70,22.27,64.17
pagi,Selatan - Pusat,Cilandak KKO - Warung Buncit - Mampang Prapatan - Rasuna Said - HOS Cokroaminoto,19.00,13.36,42.19,21.66,22.27,41.99
pagi,Selatan - Pusat,Pangeran Antasari - Prapanca - Iskandarsyah - Pattimura - Jend. Sudirman - MH. Thamrin,19.00,11.13,35.15,28.23,22.27,27.49
pagi,Selatan - Pusat,Pondok Labu - Fatmawati - Panglima Polim - Sisingamangaraja - Jend.  Sudirman - Thamrin,19.00,16.25,51.32,23.36,22.27,46.60
pagi,Selatan - Pusat,Pasar Jumat - Metro Pondok Indah - Iskandar Muda - Teuku Nyak Arief - Tentara Pelajar - Pejompongan - Penjernihan 1 - Mas Mansyur (Tanah Abang),19.00,15.87,50.12,25.42,22.27,43.42
pagi,Selatan - Pusat,Ciledug Raya - Keb Lama - Pakubuwono 6 - Hang Leukir - Asia Afrika - Pintu 1  Senayan - Jend. Sudirman,19.00,12.25,38.69,16.07,22.27,44.93
pagi,Selatan - Pusat,Raya Ciputat - Tanah Kusir - Bungur - Iskandar Muda - Tentara Pelajar - Pejompongan - Penjernihan 1 - Mas Mansyur (Tanah Abang),19.00,13.40,42.32,19.45,22.27,42.72
pagi,Timur - Pusat,Raya Bekasi - Perintis Kemerdekaan - Letjend. Suprapto - Kwitang - Ridwan Rais,19.00,17.08,53.94,20.81,20.63,67.94
pagi,Timur - Pusat,Raya Bekasi - Pemuda - Pramuka - Proklamasi - Diponegoro - Imam Bonjol - Thamrin,19.00,21.21,66.98,20.25,20.63,83.04
pagi,Timur - Pusat,I Gusti Ngurah Rai - Jatinegara Barat - Matraman - Salemba,19.00,9.39,29.65,23.69,20.63,29.64
pagi,Timur - Pusat,Kalimalang - Basuki Rahmat - Kampung Melayu - Casablanka - Satrio - Mas Mansyur,19.00,14.87,46.96,16.78,20.63,56.72
pagi,Timur - Pusat,Pondok Kopi - Sukamto - Kolonel Sugiono - Basuki Rahmat - Kampung Melayu - Casablanka - Satrio - Mas Mansyur,19.00,18.91,59.72,21.60,20.63,69.86
pagi,Utara - Pusat,Pluit - Pluit Timur - Jembatan Tiga - Jembatan Dua - Latumenten - Kyai Tapa - Hasyim Ashari - Gajah Mada,19.00,12.89,40.71,23.39,21.61,33.49
pagi,Utara - Pusat,Priok - RE. Martadinata - Gunung Sahari - dr. Sutomo - Lapangan Banteng Utara - Veteran,19.00,12.73,40.20,21.07,21.61,36.53
pagi,Utara - Pusat,Priok - RE. Martadinata - Sunter Barat - Kemayoran (Benyamin Suaeb) - Angakasa - Dr. Sutomo,19.00,11.39,35.97,23.18,21.61,30.08
pagi,Utara - Pusat,Priok - Yos Sudarso - Letjend. Suprapto - Senen Raya - Kwitang - Abdul Rahman Hakim,19.00,14.45,45.63,18.85,21.61,46.00
pagi,Utara - Pusat,Marunda - Cilincing Raya - Kramat Jaya - Pegangsaan Dua - Kelapa Nias - Bollevard Raya Kelapa Gading - Bollevard Barat - Yos Sudarso - Letjend. Suprapto,19.00,20.11,63.51,21.55,21.61,56.42
pagi,Barat - Pusat,Kalideres - Daan Mogot - Kyai Tapa - Hasyim Ashari - Hayam Wuruk,19.00,13.71,43.29,24.18,26.28,42.10
pagi,Barat - Pusat,Kalideres - Daan Mogot - S. Parman - Tomang Raya - Balikpapan - Harmoni,19.00,14.85,46.89,26.32,26.28,44.81
pagi,Barat - Pusat,Joglo - Pos Pengumben - Panjang - Arjuna Selatan - Kemanggisan - Katamso - Jatibaru - Kebon Sirih,19.00,14.67,46.33,26.99,26.28,39.68
pagi,Barat - Pusat,Kedoya - Puri kembangan - Pesanggrahan - Meruya - Panjang - Kemanggisan - Katamso - Jatibaru - Kebon Sirih,19.00,14.56,45.98,27.62,26.28,36.75
pagi,Pusat - Selatan,Tugu Tani - Menteng Raya - Sultan Agung - Dr. Saharjo - Prof. Dr. Supomo - Pasar Minggu Raya - Lenteng Agung,19.00,20.62,65.11,23.79,27.09,49.88
pagi,Pusat - Selatan,HOS Cokroaminoto - Rasuna Said - Mampang Prapatan - Warung Buncit - Cilandak KKO,19.00,13.42,42.38,26.61,27.09,35.42
pagi,Pusat - Selatan,MH. Thamrin - Jend. Sudirman - Pattimura - Iskandarsyah - Prapanca - Pangeran Antasari,19.00,10.93,34.52,32.84,27.09,38.61
pagi,Pusat - Selatan,MH. Thamrin - Jend. Sudirman - Sisingamangaraja - Panglima Polim - Fatmawati - Pondok Labu,19.00,17.05,53.84,21.68,27.09,62.99
pagi,Pusat - Selatan,Mas Mansyur (Tanah Abang) - Penjernihan 1 - Pejompongan - Tentara Pelajar - Teuku Nyak Arief - Iskandar Muda - Metro Pondok Indah - Pasar Jum'at,19.00,15.75,49.74,32.56,27.09,31.67
pagi,Pusat - Selatan,Jend. Sudirman - Hang Tuah - Pakubuwono 6 - Kebayoran Lama - Ciledug Raya,19.00,13.20,41.68,25.05,27.09,31.97
pagi,Pusat - Timur,Ridwan Rais - Prajurit KKO Usman & Harun - Letjend. Suprapto - Perintis Kemerdekaan - Raya Bekasi,19.00,16.32,51.54,25.88,32.90,47.31
pagi,Pusat - Timur,MH. Thamrin - Imam Bonjol - Diponegoro - Salemba Raya - Pramuka - Pemuda - Raya Bekasi,19.00,18.79,59.34,33.03,32.90,53.90
pagi,Pusat - Timur,Salemba Raya - Matraman Raya - Jatinegara Timur - Bekasi Barat Raya - Bekasi Timur Raya - I Gusti Ngurah Rai,19.00,8.45,26.68,37.46,32.90,14.42
pagi,Pusat - Timur,Mas Mansyur - Satrio - Casablanca - Kampung Melayu - Basuki Rahmat - Kalimalang,19.00,14.92,47.12,29.38,32.90,31.93
pagi,Pusat - Timur,Mas Mansyur - Satrio - Casablanca - Kampung Melayu - Basuki Rahmat - Kolonel Sugiono - Sukamto - Pondok Kopi,19.00,18.31,57.82,38.76,32.90,35.00
pagi,Pusat - Utara,Gajah Mada - Hasyim Ashari - Kyai Tapa - Latumenten - Jembatan Dua - Jembatan Tiga - Pluit Timur - Pluit,19.00,14.38,45.41,26.41,30.37,33.69
pagi,Pusat - Utara,Ir. H. Juanda - dr. Sutomo - Gunung Sahari - RE. Martadinata - Priok,19.00,12.86,40.61,34.62,30.37,22.89
pagi,Pusat - Utara,dr. Sutomo - Angkasa - Kemayoran - Sunter Barat -  RE. Martadinata - Priok,19.00,11.38,35.94,34.70,30.37,20.32
pagi,Pusat - Utara,Ridwan Rais - Prajurit KKO Usman dan Harun - Letjend. Suprapto - Yos Sudarso - Priok,19.00,13.13,41.46,32.00,30.37,25.22
pagi,Pusat - Utara,Letjend. Suprapto - Yos Sudarso - Bollevard Barat Kelapa Gading - Bollevard Raya Kelapa Gading - Kelapa Nias - Pegangsaan Dua - Kramat Jaya Raya - Cilincing Raya - Marunda,19.00,20.29,64.07,24.11,30.37,50.63
pagi,Pusat - Barat,Hayam Wuruk - Hasyim Ashari - Kyai Tapa - Daan Mogot - Kalideres,19.00,14.47,45.69,32.69,29.58,28.69
pagi,Pusat - Barat,Hayam Wuruk - Balikpapan - Tomang Raya - S. Parman - Daan Mogot - Kalideres,19.00,15.55,49.11,24.11,29.58,41.97
pagi,Pusat - Barat,Kebon Sirih - Jatibaru - Katamso - Kemanggisan - Arjuna Selatan - Panjang - Pos Pengumben - Joglo,19.00,17.43,55.04,32.78,29.58,44.49
pagi,Pusat - Barat,Kebon Sirih - Jatibaru - Katamso - Kemanggisan - Panjang - Meruya - Pesanggrahan - Puri Kembangan - Kedoya,19.00,16.23,51.25,28.73,29.58,44.31
sore,Selatan - Pusat,Lenteng Agung - Ps. Minggu - Supomo - dr. Saharjo - Sultan Agung - Cik Ditiro - Menteng Raya - Tugu Tani,19.00,19.62,61.96,22.24,22.65,52.81
sore,Selatan - Pusat,Cilandak KKO - Warung Buncit - Mampang Prapatan - Rasuna Said - HOS Cokroaminoto,19.00,13.36,42.19,22.22,22.65,37.78
sore,Selatan - Pusat,Pangeran Antasari - Prapanca - Iskandarsyah - Pattimura - Jend. Sudirman - MH. Thamrin,19.00,11.13,35.15,22.07,22.65,31.06
sore,Selatan - Pusat,Pondok Labu - Fatmawati - Panglima Polim - Sisingamangaraja - Jend.  Sudirman - Thamrin,19.00,16.25,51.32,18.63,22.65,51.56
sore,Selatan - Pusat,Pasar Jumat - Metro Pondok Indah - Iskandar Muda - Teuku Nyak Arief - Tentara Pelajar - Pejompongan - Penjernihan 1 - Mas Mansyur (Tanah Abang),19.00,15.87,50.12,23.95,22.65,42.31
sore,Selatan - Pusat,Ciledug Raya - Keb Lama - Pakubuwono 6 - Hang Leukir - Asia Afrika - Pintu 1  Senayan - Jend. Sudirman,19.00,12.25,38.69,22.89,22.65,33.06
sore,Selatan - Pusat,Raya Ciputat - Tanah Kusir - Bungur - Iskandar Muda - Tentara Pelajar - Pejompongan - Penjernihan 1 - Mas Mansyur (Tanah Abang),19.00,13.40,42.32,26.52,22.65,30.81
sore,Timur - Pusat,Raya Bekasi - Perintis Kemerdekaan - Letjend. Suprapto - Kwitang - Ridwan Rais,19.00,17.08,53.94,25.54,28.44,52.42
sore,Timur - Pusat,Raya Bekasi - Pemuda - Pramuka - Proklamasi - Diponegoro - Imam Bonjol - Thamrin,19.00,21.21,66.98,28.16,28.44,67.18
sore,Timur - Pusat,I Gusti Ngurah Rai - Jatinegara Barat - Matraman - Salemba,19.00,9.39,29.65,26.86,28.44,23.17
sore,Timur - Pusat,Kalimalang - Basuki Rahmat - Kampung Melayu - Casablanka - Satrio - Mas Mansyur,19.00,14.87,46.96,30.36,28.44,29.83
sore,Timur - Pusat,Pondok Kopi - Sukamto - Kolonel Sugiono - Basuki Rahmat - Kampung Melayu - Casablanka - Satrio - Mas Mansyur,19.00,18.91,59.72,31.28,28.44,39.61
sore,Utara - Pusat,Pluit - Pluit Timur - Jembatan Tiga - Jembatan Dua - Latumenten - Kyai Tapa - Hasyim Ashari - Gajah Mada,19.00,12.89,40.71,21.43,22.60,36.14
sore,Utara - Pusat,Priok - RE. Martadinata - Gunung Sahari - dr. Sutomo - Lapangan Banteng Utara - Veteran,19.00,12.73,40.20,23.68,22.60,32.29
sore,Utara - Pusat,Priok - RE. Martadinata - Sunter Barat - Kemayoran (Benyamin Suaeb) - Angakasa - Dr. Sutomo,19.00,11.39,35.97,24.79,22.60,27.53
sore,Utara - Pusat,Priok - Yos Sudarso - Letjend. Suprapto - Senen Raya - Kwitang - Abdul Rahman Hakim,19.00,14.45,45.63,20.58,22.60,42.15
sore,Utara - Pusat,Marunda - Cilincing Raya - Kramat Jaya - Pegangsaan Dua - Kelapa Nias - Bollevard Raya Kelapa Gading - Bollevard Barat - Yos Sudarso - Letjend. Suprapto,19.00,20.11,63.51,22.50,22.60,54.08
sore,Barat - Pusat,Kalideres - Daan Mogot - Kyai Tapa - Hasyim Ashari - Hayam Wuruk,19.00,13.71,43.29,25.87,26.30,34.14
sore,Barat - Pusat,Kalideres - Daan Mogot - S. Parman - Tomang Raya - Balikpapan - Harmoni,19.00,14.85,46.89,24.38,26.30,39.92
sore,Barat - Pusat,Joglo - Pos Pengumben - Panjang - Arjuna Selatan - Kemanggisan - Katamso - Jatibaru - Kebon Sirih,19.00,14.67,46.33,28.03,26.30,35.71
sore,Barat - Pusat,Kedoya - Puri kembangan - Pesanggrahan - Meruya - Panjang - Kemanggisan - Katamso - Jatibaru - Kebon Sirih,19.00,14.56,45.98,26.93,26.30,37.38
sore,Pusat - Selatan,Tugu Tani - Menteng Raya - Sultan Agung - Dr. Saharjo - Prof. Dr. Supomo - Pasar Minggu Raya - Lenteng Agung,19.00,20.62,65.11,18.05,18.01,72.50
sore,Pusat - Selatan,HOS Cokroaminoto - Rasuna Said - Mampang Prapatan - Warung Buncit - Cilandak KKO,19.00,13.42,42.38,18.17,18.01,48.14
sore,Pusat - Selatan,MH. Thamrin - Jend. Sudirman - Pattimura - Iskandarsyah - Prapanca - Pangeran Antasari,19.00,10.93,34.52,22.67,18.01,37.25
sore,Pusat - Selatan,MH. Thamrin - Jend. Sudirman - Sisingamangaraja - Panglima Polim - Fatmawati - Pondok Labu,19.00,17.05,53.84,16.14,18.01,70.89
sore,Pusat - Selatan,Mas Mansyur (Tanah Abang) - Penjernihan 1 - Pejompongan - Tentara Pelajar - Teuku Nyak Arief - Iskandar Muda - Metro Pondok Indah - Pasar Jum'at,19.00,15.75,49.74,17.23,18.01,61.35
sore,Pusat - Selatan,Jend. Sudirman - Hang Tuah - Pakubuwono 6 - Kebayoran Lama - Ciledug Raya,19.00,13.20,41.68,15.77,18.01,51.32
sore,Pusat - Timur,Ridwan Rais - Prajurit KKO Usman & Harun - Letjend. Suprapto - Perintis Kemerdekaan - Raya Bekasi,19.00,16.32,51.54,18.99,18.72,62.49
sore,Pusat - Timur,MH. Thamrin - Imam Bonjol - Diponegoro - Salemba Raya - Pramuka - Pemuda - Raya Bekasi,19.00,18.79,59.34,18.34,18.72,75.13
sore,Pusat - Timur,Salemba Raya - Matraman Raya - Jatinegara Timur - Bekasi Barat Raya - Bekasi Timur Raya - I Gusti Ngurah Rai,19.00,8.45,26.68,22.33,18.72,25.15
sore,Pusat - Timur,Mas Mansyur - Satrio - Casablanca - Kampung Melayu - Basuki Rahmat - Kalimalang,19.00,14.92,47.12,14.78,18.72,63.46
sore,Pusat - Timur,Mas Mansyur - Satrio - Casablanca - Kampung Melayu - Basuki Rahmat - Kolonel Sugiono - Sukamto - Pondok Kopi,19.00,18.31,57.82,19.14,18.72,71.71
sore,Pusat - Utara,Gajah Mada - Hasyim Ashari - Kyai Tapa - Latumenten - Jembatan Dua - Jembatan Tiga - Pluit Timur - Pluit,19.00,14.38,45.41,16.30,22.83,54.00
sore,Pusat - Utara,Ir. H. Juanda - dr. Sutomo - Gunung Sahari - RE. Martadinata - Priok,19.00,12.86,40.61,26.44,22.83,29.67
sore,Pusat - Utara,dr. Sutomo - Angkasa - Kemayoran - Sunter Barat -  RE. Martadinata - Priok,19.00,11.38,35.94,26.69,22.83,26.17
sore,Pusat - Utara,Ridwan Rais - Prajurit KKO Usman dan Harun - Letjend. Suprapto - Yos Sudarso - Priok,19.00,13.13,41.46,23.98,22.83,33.25
sore,Pusat - Utara,Letjend. Suprapto - Yos Sudarso - Bollevard Barat Kelapa Gading - Bollevard Raya Kelapa Gading - Kelapa Nias - Pegangsaan Dua - Kramat Jaya Raya - Cilincing Raya - Marunda,19.00,20.29,64.07,20.75,22.83,59.71
sore,Pusat - Barat,Hayam Wuruk - Hasyim Ashari - Kyai Tapa - Daan Mogot - Kalideres,19.00,14.47,45.69,19.63,18.82,48.46
sore,Pusat - Barat,Hayam Wuruk - Balikpapan - Tomang Raya - S. Parman - Daan Mogot - Kalideres,19.00,15.55,49.11,16.15,18.82,60.81
sore,Pusat - Barat,Kebon Sirih - Jatibaru - Katamso - Kemanggisan - Arjuna Selatan - Panjang - Pos Pengumben - Joglo,19.00,17.43,55.04,20.51,18.82,59.04
sore,Pusat - Barat,Kebon Sirih - Jatibaru - Katamso - Kemanggisan - Panjang - Meruya - Pesanggrahan - Puri Kembangan - Kedoya,19.00,16.23,51.25,18.99,18.82,57.26
,,,,,,,,
,,,,,,,,
